Diabetes_binary,Count,Proportion
0,126884,0.5001734468621886
1,126796,0.49982655313781144
