Diabetes_binary,Original_Count,Original_Proportion,Balanced_Count,Balanced_Proportion
0,218334,0.8606669820245979,126884,0.5001734468621886
1,35346,0.13933301797540207,126796,0.49982655313781144
